folder,drone_image_file,clip_id,center_x,center_y,sp_code,sp,filename,clipped_filename,set
set14b/101MEDIA,DJI_0063.JPG,1,0.5891693508424183,0.7855591344565577,p,ponderosa,0001.jpg,0001.jpg,set14b
set14b/101MEDIA,DJI_0063.JPG,2,0.2004924430128841,0.26732325735051216,w,fir,0002.jpg,0002.jpg,set14b
set14b/101MEDIA,DJI_0063.JPG,3,0.9255543855302275,1.2340725140403033,p,ponderosa,0003.jpg,0003.jpg,set14b
set14b/101MEDIA,DJI_0063.JPG,4,0.6100470763131809,0.8133961017509078,p,ponderosa,0004.jpg,0004.jpg,set14b
set14b/101MEDIA,DJI_0063.JPG,5,0.9282860505450937,1.237714734060125,p,ponderosa,0005.jpg,0005.jpg,set14b
set14b/101MEDIA,DJI_0063.JPG,6,0.4787320366699699,0.6383093822266265,s,sugar,0006.jpg,0006.jpg,set14b
set14b/101MEDIA,DJI_0063.JPG,7,0.23502849355797767,0.3133713247439702,i,cedar,0007.jpg,0007.jpg,set14b
set14b/101MEDIA,DJI_0063.JPG,8,0.9378468780971264,1.2504625041295019,i,cedar,0008.jpg,0008.jpg,set14b
set14b/101MEDIA,DJI_0063.JPG,9,0.11376207879088132,0.15168277172117509,w,fir,0009.jpg,0009.jpg,set14b
set14b/101MEDIA,DJI_0063.JPG,10,0.5546333002973238,0.7395110670630984,p,ponderosa,0010.jpg,0010.jpg,set14b
set14b/101MEDIA,DJI_0071.JPG,11,0.1606881813676909,0.21425090849025452,w,fir,0011.jpg,0011.jpg,set14b
set14b/101MEDIA,DJI_0071.JPG,12,0.6413636645193259,0.8551515526924346,p,ponderosa,0012.jpg,0012.jpg,set14b
set14b/101MEDIA,DJI_0071.JPG,13,0.9003840436075321,1.2005120581433761,p,ponderosa,0013.jpg,0013.jpg,set14b
set14b/101MEDIA,DJI_0071.JPG,14,0.16615151139742312,0.22153534852989748,w,fir,0014.jpg,0014.jpg,set14b
set14b/101MEDIA,DJI_0071.JPG,15,0.33522206392467757,0.4469627518995701,p,ponderosa,0015.jpg,0015.jpg,set14b
set14b/101MEDIA,DJI_0071.JPG,16,0.6376564048562935,0.8502085398083913,i,cedar,0016.jpg,0016.jpg,set14b
set14b/101MEDIA,DJI_0071.JPG,17,0.5296580773042618,0.7062107697390159,p,ponderosa,0017.jpg,0017.jpg,set14b
set14b/101MEDIA,DJI_0071.JPG,18,0.7922355868746609,1.056314115832881,p,ponderosa,0018.jpg,0018.jpg,set14b
set14b/101MEDIA,DJI_0071.JPG,19,0.9198433668548396,1.2264578224731195,i,cedar,0019.jpg,0019.jpg,set14b
set14b/101MEDIA,DJI_0071.JPG,20,0.3057065358340263,0.40760871444536834,w,fir,0020.jpg,0020.jpg,set14b
set14b/101MEDIA,DJI_0079.JPG,21,0.6664364469772052,0.8885819293029402,p,ponderosa,0021.jpg,0021.jpg,set14b
set14b/101MEDIA,DJI_0079.JPG,22,0.5359018830525267,0.7145358440700357,p,ponderosa,0022.jpg,0022.jpg,set14b
set14b/101MEDIA,DJI_0079.JPG,23,0.8912134539147673,1.1882846052196898,i,cedar,0023.jpg,0023.jpg,set14b
set14b/101MEDIA,DJI_0079.JPG,24,0.3161004088206146,0.4214672117608194,w,fir,0024.jpg,0024.jpg,set14b
set14b/101MEDIA,DJI_0079.JPG,25,0.08088453914767092,0.10784605219689455,w,fir,0025.jpg,0025.jpg,set14b
set14b/101MEDIA,DJI_0079.JPG,26,0.7599959737363727,1.0133279649818303,p,ponderosa,0026.jpg,0026.jpg,set14b
set14b/101MEDIA,DJI_0079.JPG,27,0.0806894202180376,0.10758589362405012,p,ponderosa,0027.jpg,0027.jpg,set14b
set14b/101MEDIA,DJI_0079.JPG,28,0.8939451189296341,1.191926825239512,p,ponderosa,0028.jpg,0028.jpg,set14b
set14b/101MEDIA,DJI_0079.JPG,29,0.5903400644202184,0.7871200858936245,i,cedar,0029.jpg,0029.jpg,set14b
set14b/101MEDIA,DJI_0079.JPG,30,0.11317672200198033,0.15090229600264043,w,fir,0030.jpg,0030.jpg,set14b
set14b/101MEDIA,DJI_0337.JPG,31,0.06527601522842623,0.08703468697123497,w,fir,0031.jpg,0031.jpg,set14b
set14b/101MEDIA,DJI_0337.JPG,32,0.4398715101522843,0.5864953468697124,p,ponderosa,0032.jpg,0032.jpg,set14b
set14b/101MEDIA,DJI_0337.JPG,33,0.8502776015228428,1.1337034686971237,w,fir,0033.jpg,0033.jpg,set14b
set14b/101MEDIA,DJI_0337.JPG,34,0.3480964467005071,0.46412859560067615,p,ponderosa,0034.jpg,0034.jpg,set14b
set14b/101MEDIA,DJI_0337.JPG,35,0.13972874365482138,0.18630499153976185,i,cedar,0035.jpg,0035.jpg,set14b
set14b/101MEDIA,DJI_0337.JPG,36,0.7271890862944165,0.9695854483925553,p,ponderosa,0036.jpg,0036.jpg,set14b
set14b/101MEDIA,DJI_0337.JPG,37,0.8912515862944176,1.1883354483925568,p,ponderosa,0037.jpg,0037.jpg,set14b
set14b/101MEDIA,DJI_0337.JPG,38,0.4857590418781729,0.6476787225042305,i,cedar,0038.jpg,0038.jpg,set14b
set14b/101MEDIA,DJI_0337.JPG,39,0.08334787436548119,0.11113049915397492,w,fir,0039.jpg,0039.jpg,set14b
set14b/101MEDIA,DJI_0337.JPG,40,0.846529980964468,1.1287066412859572,p,ponderosa,0040.jpg,0040.jpg,set14b
set14b/101MEDIA,DJI_0345.JPG,41,0.06477633248730964,0.08636844331641286,w,fir,0041.jpg,0041.jpg,set14b
set14b/101MEDIA,DJI_0345.JPG,42,0.48301078680203,0.6440143824027067,i,cedar,0042.jpg,0042.jpg,set14b
set14b/101MEDIA,DJI_0345.JPG,43,0.1423937182741103,0.18985829103214708,p,ponderosa,0043.jpg,0043.jpg,set14b
set14b/101MEDIA,DJI_0345.JPG,44,0.3595475095177646,0.47939667935701946,w,fir,0044.jpg,0044.jpg,set14b
set14b/101MEDIA,DJI_0345.JPG,45,0.8022664181472099,1.0696885575296131,i,cedar,0045.jpg,0045.jpg,set14b
set14b/101MEDIA,DJI_0345.JPG,46,0.9368476364213226,1.2491301818950968,i,cedar,0046.jpg,0046.jpg,set14b
set14b/101MEDIA,DJI_0345.JPG,47,0.2622759359137011,0.34970124788493473,p,ponderosa,0047.jpg,0047.jpg,set14b
set14b/101MEDIA,DJI_0345.JPG,48,0.06923183692892729,0.09230911590523638,w,fir,0048.jpg,0048.jpg,set14b
set14b/101MEDIA,DJI_0345.JPG,49,0.5102851364213187,0.6803801818950915,p,ponderosa,0049.jpg,0049.jpg,set14b
set14b/101MEDIA,DJI_0345.JPG,50,0.715821303934011,0.954428405245348,p,ponderosa,0050.jpg,0050.jpg,set14b
set14b/101MEDIA,DJI_0353.JPG,51,0.2894670050761419,0.38595600676818925,p,ponderosa,0051.jpg,0051.jpg,set14b
set14b/101MEDIA,DJI_0353.JPG,52,0.6119289340101518,0.815905245346869,p,ponderosa,0052.jpg,0052.jpg,set14b
set14b/101MEDIA,DJI_0353.JPG,53,0.7891497461928926,1.0521996615905234,p,ponderosa,0053.jpg,0053.jpg,set14b
set14b/101MEDIA,DJI_0353.JPG,54,0.3605885152284254,0.4807846869712339,p,ponderosa,0054.jpg,0054.jpg,set14b
set14b/101MEDIA,DJI_0353.JPG,55,0.6422430203045678,0.856324027072757,p,ponderosa,0055.jpg,0055.jpg,set14b
set14b/101MEDIA,DJI_0353.JPG,56,0.891917829949238,1.1892237732656505,i,cedar,0056.jpg,0056.jpg,set14b
set14b/101MEDIA,DJI_0353.JPG,57,0.11191307106598825,0.14921742808798433,w,fir,0057.jpg,0057.jpg,set14b
set14b/101MEDIA,DJI_0353.JPG,58,0.2491592639593892,0.33221235194585225,i,cedar,0058.jpg,0058.jpg,set14b
set14b/101MEDIA,DJI_0353.JPG,59,0.8887531725888327,1.1850042301184436,i,cedar,0059.jpg,0059.jpg,set14b
set14b/101MEDIA,DJI_0353.JPG,60,0.5974381345177665,0.7965841793570221,p,ponderosa,0060.jpg,0060.jpg,set14b
set14b/101MEDIA,DJI_0361.JPG,61,0.4190513959390866,0.5587351945854487,w,fir,0061.jpg,0061.jpg,set14b
set14b/101MEDIA,DJI_0361.JPG,62,0.09225888324873059,0.12301184433164078,w,fir,0062.jpg,0062.jpg,set14b
set14b/101MEDIA,DJI_0361.JPG,63,0.751007296954314,1.001343062605752,p,ponderosa,0063.jpg,0063.jpg,set14b
set14b/101MEDIA,DJI_0361.JPG,64,0.5494685913705574,0.7326247884940764,p,ponderosa,0064.jpg,0064.jpg,set14b
set14b/101MEDIA,DJI_0361.JPG,65,0.20918464467004919,0.2789128595600656,p,ponderosa,0065.jpg,0065.jpg,set14b
set14b/101MEDIA,DJI_0361.JPG,66,0.19169574873096185,0.2555943316412825,p,ponderosa,0066.jpg,0066.jpg,set14b
set14b/101MEDIA,DJI_0361.JPG,67,0.5647455583756326,0.7529940778341768,p,ponderosa,0067.jpg,0067.jpg,set14b
set14b/101MEDIA,DJI_0361.JPG,68,0.8237810913705568,1.0983747884940758,p,ponderosa,0068.jpg,0068.jpg,set14b
set14b/101MEDIA,DJI_0361.JPG,69,0.37782423857867686,0.5037656514382358,p,ponderosa,0069.jpg,0069.jpg,set14b
set14b/101MEDIA,DJI_0361.JPG,70,0.9593749999999993,1.279166666666666,p,ponderosa,0070.jpg,0070.jpg,set14b
set14b/101MEDIA,DJI_0613.JPG,71,0.19669257614213181,0.2622567681895091,p,ponderosa,0071.jpg,0071.jpg,set14b
set14b/101MEDIA,DJI_0613.JPG,72,0.4630234771573602,0.6173646362098136,p,ponderosa,0072.jpg,0072.jpg,set14b
set14b/101MEDIA,DJI_0613.JPG,73,0.3604219543147203,0.4805626057529604,s,sugar,0073.jpg,0073.jpg,set14b
set14b/101MEDIA,DJI_0613.JPG,74,0.44170368020304523,0.588938240270727,w,fir,0074.jpg,0074.jpg,set14b
set14b/101MEDIA,DJI_0613.JPG,75,0.5159898477157359,0.6879864636209811,p,ponderosa,0075.jpg,0075.jpg,set14b
set14b/101MEDIA,DJI_0613.JPG,76,0.22817258883248578,0.3042301184433144,i,cedar,0076.jpg,0076.jpg,set14b
set14b/101MEDIA,DJI_0613.JPG,77,0.9109057741116768,1.2145410321489025,i,cedar,0077.jpg,0077.jpg,set14b
set14b/101MEDIA,DJI_0613.JPG,78,0.8407836294416257,1.121044839255501,p,ponderosa,0078.jpg,0078.jpg,set14b
set14b/101MEDIA,DJI_0613.JPG,79,0.6489054568527922,0.865207275803723,w,fir,0079.jpg,0079.jpg,set14b
set14b/101MEDIA,DJI_0613.JPG,80,0.8724302030456869,1.1632402707275824,p,ponderosa,0080.jpg,0080.jpg,set14b
set14b/101MEDIA,DJI_0621.JPG,81,0.48217798223350267,0.6429039763113369,p,ponderosa,0081.jpg,0081.jpg,set14b
set14b/101MEDIA,DJI_0621.JPG,82,0.7958121827411169,1.0610829103214892,p,ponderosa,0082.jpg,0082.jpg,set14b
set14b/101MEDIA,DJI_0621.JPG,83,0.13173381979695362,0.17564509306260484,p,ponderosa,0083.jpg,0083.jpg,set14b
set14b/101MEDIA,DJI_0621.JPG,84,0.5116592639593904,0.682212351945854,i,cedar,0084.jpg,0084.jpg,set14b
set14b/101MEDIA,DJI_0621.JPG,85,0.6578997461928929,0.8771996615905239,p,ponderosa,0085.jpg,0085.jpg,set14b
set14b/101MEDIA,DJI_0621.JPG,86,0.11424492385786623,0.15232656514382165,w,fir,0086.jpg,0086.jpg,set14b
set14b/101MEDIA,DJI_0621.JPG,87,0.8997461928934013,1.1996615905245351,p,ponderosa,0087.jpg,0087.jpg,set14b
set14b/101MEDIA,DJI_0621.JPG,88,0.4629401967005065,0.6172535956006754,w,fir,0088.jpg,0088.jpg,set14b
set14b/101MEDIA,DJI_0621.JPG,89,0.06444321065989593,0.08592428087986125,p,ponderosa,0089.jpg,0089.jpg,set14b
set14b/101MEDIA,DJI_0621.JPG,90,0.6880472715736033,0.9173963620981379,i,cedar,0090.jpg,0090.jpg,set14b
set14b/101MEDIA,DJI_0629.JPG,91,0.13023477157360408,0.1736463620981388,p,ponderosa,0091.jpg,0091.jpg,set14b
set14b/101MEDIA,DJI_0629.JPG,92,0.5166560913705586,0.688874788494078,p,ponderosa,0092.jpg,0092.jpg,set14b
set14b/101MEDIA,DJI_0629.JPG,93,0.7839863578680204,1.0453151438240271,p,ponderosa,0093.jpg,0093.jpg,set14b
set14b/101MEDIA,DJI_0629.JPG,94,0.17953680203045635,0.23938240270727515,p,ponderosa,0094.jpg,0094.jpg,set14b
set14b/101MEDIA,DJI_0629.JPG,95,0.44453521573604016,0.5927136209813869,p,ponderosa,0095.jpg,0095.jpg,set14b
set14b/101MEDIA,DJI_0629.JPG,96,0.8692655456852796,1.1590207275803728,p,ponderosa,0096.jpg,0096.jpg,set14b
set14b/101MEDIA,DJI_0629.JPG,97,0.5909422588832491,0.7879230118443322,p,ponderosa,0097.jpg,0097.jpg,set14b
set14b/101MEDIA,DJI_0629.JPG,98,0.1615482233502529,0.21539763113367053,p,ponderosa,0098.jpg,0098.jpg,set14b
set14b/101MEDIA,DJI_0629.JPG,99,0.5221526015228427,0.6962034686971237,p,ponderosa,0099.jpg,0099.jpg,set14b
set14b/101MEDIA,DJI_0629.JPG,100,0.8619368654822347,1.149249153976313,i,cedar,0100.jpg,0100.jpg,set14b
set14b/101MEDIA,DJI_0637.JPG,101,0.15788388324873098,0.21051184433164133,p,ponderosa,0101.jpg,0101.jpg,set14b
set14b/101MEDIA,DJI_0637.JPG,102,0.07135548857867816,0.09514065143823754,i,cedar,0102.jpg,0102.jpg,set14b
set14b/101MEDIA,DJI_0637.JPG,103,0.44178696065989737,0.5890492808798631,p,ponderosa,0103.jpg,0103.jpg,set14b
set14b/101MEDIA,DJI_0637.JPG,104,0.8357035215736037,1.1142713620981384,p,ponderosa,0104.jpg,0104.jpg,set14b
set14b/101MEDIA,DJI_0637.JPG,105,0.8032241434010152,1.070965524534687,p,ponderosa,0105.jpg,0105.jpg,set14b
set14b/101MEDIA,DJI_0637.JPG,106,0.11965815355329801,0.15954420473773068,p,ponderosa,0106.jpg,0106.jpg,set14b
set14b/101MEDIA,DJI_0637.JPG,107,0.908324079949239,1.2110987732656522,p,ponderosa,0107.jpg,0107.jpg,set14b
set14b/101MEDIA,DJI_0637.JPG,108,0.39248493020304515,0.5233132402707269,i,cedar,0108.jpg,0108.jpg,set14b
set14b/101MEDIA,DJI_0637.JPG,109,0.4920050761421319,0.6560067681895092,p,ponderosa,0109.jpg,0109.jpg,set14b
set14b/101MEDIA,DJI_0637.JPG,110,0.5953561230964471,0.7938081641285961,w,fir,0110.jpg,0110.jpg,set14b
set14b/101MEDIA,DJI_0861.JPG,111,0.16546240482233499,0.22061653976311332,w,fir,0111.jpg,0111.jpg,set14b
set14b/101MEDIA,DJI_0861.JPG,112,0.5244844543147206,0.6993126057529608,p,ponderosa,0112.jpg,0112.jpg,set14b
set14b/101MEDIA,DJI_0861.JPG,113,0.8709311548223344,1.1612415397631126,p,ponderosa,0113.jpg,0113.jpg,set14b
set14b/101MEDIA,DJI_0861.JPG,114,0.3973984771573594,0.5298646362098125,p,ponderosa,0114.jpg,0114.jpg,set14b
set14b/101MEDIA,DJI_0861.JPG,115,0.1543861040609124,0.2058481387478832,w,fir,0115.jpg,0115.jpg,set14b
set14b/101MEDIA,DJI_0861.JPG,116,0.6577331852791878,0.8769775803722504,i,cedar,0116.jpg,0116.jpg,set14b
set14b/101MEDIA,DJI_0861.JPG,117,0.861437182741118,1.1485829103214906,p,ponderosa,0117.jpg,0117.jpg,set14b
set14b/101MEDIA,DJI_0861.JPG,118,0.2576538705583755,0.34353849407783404,w,fir,0118.jpg,0118.jpg,set14b
set14b/101MEDIA,DJI_0861.JPG,119,0.6179251269035545,0.8239001692047393,p,ponderosa,0119.jpg,0119.jpg,set14b
set14b/101MEDIA,DJI_0861.JPG,120,0.909240164974621,1.2123202199661613,p,ponderosa,0120.jpg,0120.jpg,set14b
set14b/101MEDIA,DJI_0869.JPG,121,0.9159935579781961,1.2213247439709283,p,ponderosa,0121.jpg,0121.jpg,set14b
set14b/101MEDIA,DJI_0869.JPG,122,0.6334613478691768,0.8446151304922358,p,ponderosa,0122.jpg,0122.jpg,set14b
set14b/101MEDIA,DJI_0869.JPG,123,0.4374643830525268,0.5832858440700357,i,cedar,0123.jpg,0123.jpg,set14b
set14b/101MEDIA,DJI_0869.JPG,124,0.5107315411298307,0.6809753881731075,p,ponderosa,0124.jpg,0124.jpg,set14b
set14b/101MEDIA,DJI_0869.JPG,125,0.12673748761149597,0.16898331681532797,p,ponderosa,0125.jpg,0125.jpg,set14b
set14b/101MEDIA,DJI_0869.JPG,126,0.8350192021803772,1.1133589362405028,p,ponderosa,0126.jpg,0126.jpg,set14b
set14b/101MEDIA,DJI_0869.JPG,127,0.11990832507432976,0.159877766765773,i,cedar,0127.jpg,0127.jpg,set14b
set14b/101MEDIA,DJI_0869.JPG,128,0.5868279236868182,0.7824372315824244,w,fir,0128.jpg,0128.jpg,set14b
set14b/101MEDIA,DJI_0869.JPG,129,0.12498141724479526,0.166641889659727,p,ponderosa,0129.jpg,0129.jpg,set14b
set14b/101MEDIA,DJI_0869.JPG,130,0.7676056119920699,1.0234741493227597,p,ponderosa,0130.jpg,0130.jpg,set14b
set14b/101MEDIA,DJI_0877.JPG,131,0.48409780723488555,0.6454637429798474,w,fir,0131.jpg,0131.jpg,set14b
set14b/101MEDIA,DJI_0877.JPG,132,0.15717604063429055,0.20956805417905405,w,fir,0132.jpg,0132.jpg,set14b
set14b/101MEDIA,DJI_0877.JPG,133,0.8006782705649153,1.067571027419887,p,ponderosa,0133.jpg,0133.jpg,set14b
set14b/101MEDIA,DJI_0877.JPG,134,0.6162908820614463,0.8217211760819285,p,ponderosa,0134.jpg,0134.jpg,set14b
set14b/101MEDIA,DJI_0877.JPG,135,0.5883888751238838,0.7845185001651784,i,cedar,0135.jpg,0135.jpg,set14b
set14b/101MEDIA,DJI_0877.JPG,136,0.3015640485629319,0.4020853980839092,p,ponderosa,0136.jpg,0136.jpg,set14b
set14b/101MEDIA,DJI_0877.JPG,137,0.07317734142715367,0.09756978856953821,p,ponderosa,0137.jpg,0137.jpg,set14b
set14b/101MEDIA,DJI_0877.JPG,138,0.8553115708622406,1.140415427816321,p,ponderosa,0138.jpg,0138.jpg,set14b
set14b/101MEDIA,DJI_0877.JPG,139,0.20439482160554992,0.27252642880739986,i,cedar,0139.jpg,0139.jpg,set14b
set14b/101MEDIA,DJI_0877.JPG,140,0.6974603567889008,0.9299471423852012,p,ponderosa,0140.jpg,0140.jpg,set14b
set14b/101MEDIA,DJI_0889.JPG,141,0.42478165262636275,0.5663755368351503,w,fir,0141.jpg,0141.jpg,set14b
set14b/101MEDIA,DJI_0889.JPG,142,0.8941402378592663,1.192186983812355,p,ponderosa,0142.jpg,0142.jpg,set14b
set14b/101MEDIA,DJI_0889.JPG,143,0.0914209613478688,0.12189461513049173,w,fir,0143.jpg,0143.jpg,set14b
set14b/101MEDIA,DJI_0889.JPG,144,0.16976121159563864,0.22634828212751817,p,ponderosa,0144.jpg,0144.jpg,set14b
set14b/101MEDIA,DJI_0889.JPG,145,0.7570691897918721,1.0094255863891628,p,ponderosa,0145.jpg,0145.jpg,set14b
set14b/101MEDIA,DJI_0889.JPG,146,0.5512187190287402,0.7349582920383203,p,ponderosa,0146.jpg,0146.jpg,set14b
set14b/101MEDIA,DJI_0889.JPG,147,0.9145301660059456,1.219373554674594,p,ponderosa,0147.jpg,0147.jpg,set14b
set14b/101MEDIA,DJI_0889.JPG,148,0.6272175421209104,0.8362900561612139,i,cedar,0148.jpg,0148.jpg,set14b
set14b/101MEDIA,DJI_0889.JPG,149,0.47248823092170306,0.6299843078956041,w,fir,0149.jpg,0149.jpg,set14b
set14b/101MEDIA,DJI_0889.JPG,150,0.05015330773042632,0.06687107697390177,p,ponderosa,0150.jpg,0150.jpg,set14b
set15b/100MEDIA,DJI_0632.JPG,151,0.4340498017839439,0.5787330690452586,w,fir,0151.jpg,0151.jpg,set15b
set15b/100MEDIA,DJI_0632.JPG,152,0.9263348612487611,1.2351131483316815,w,fir,0152.jpg,0152.jpg,set15b
set15b/100MEDIA,DJI_0632.JPG,153,0.03654376238850312,0.04872501651800416,w,fir,0153.jpg,0153.jpg,set15b
set15b/100MEDIA,DJI_0632.JPG,154,0.46546394945490543,0.6206185992732073,w,fir,0154.jpg,0154.jpg,set15b
set15b/100MEDIA,DJI_0632.JPG,155,0.08527471506441969,0.11369962008589292,i,cedar,0155.jpg,0155.jpg,set15b
set15b/100MEDIA,DJI_0632.JPG,156,0.6515098488602584,0.8686797984803446,i,cedar,0156.jpg,0156.jpg,set15b
set15b/100MEDIA,DJI_0632.JPG,157,0.1924925668979195,0.25665675586389264,w,fir,0157.jpg,0157.jpg,set15b
set15b/100MEDIA,DJI_0632.JPG,158,0.5602917492566892,0.7470556656755857,p,ponderosa,0158.jpg,0158.jpg,set15b
set15b/100MEDIA,DJI_0632.JPG,159,0.927895812685827,1.237194416914436,w,fir,0159.jpg,0159.jpg,set15b
set15b/100MEDIA,DJI_0632.JPG,160,0.7189234390485597,0.9585645853980795,w,fir,0160.jpg,0160.jpg,set15b
set15b/100MEDIA,DJI_0640.JPG,161,0.4079038652130823,0.5438718202841097,p,ponderosa,0161.jpg,0161.jpg,set15b
set15b/100MEDIA,DJI_0640.JPG,162,0.5979497026759167,0.7972662702345557,p,ponderosa,0162.jpg,0162.jpg,set15b
set15b/100MEDIA,DJI_0640.JPG,163,0.07561632804757194,0.10082177073009593,i,cedar,0163.jpg,0163.jpg,set15b
set15b/100MEDIA,DJI_0640.JPG,164,0.14995664023785857,0.19994218698381142,p,ponderosa,0164.jpg,0164.jpg,set15b
set15b/100MEDIA,DJI_0640.JPG,165,0.47424430128840384,0.632325735051205,i,cedar,0165.jpg,0165.jpg,set15b
set15b/100MEDIA,DJI_0640.JPG,166,0.8611651387512388,1.1482201850016518,s,sugar,0166.jpg,0166.jpg,set15b
set15b/100MEDIA,DJI_0640.JPG,167,0.3212710604558964,0.42836141394119515,p,ponderosa,0167.jpg,0167.jpg,set15b
set15b/100MEDIA,DJI_0640.JPG,168,0.07171394945490514,0.09561859927320686,w,fir,0168.jpg,0168.jpg,set15b
set15b/100MEDIA,DJI_0640.JPG,169,0.8978474975222991,1.1971299966963986,i,cedar,0169.jpg,0169.jpg,set15b
set15b/100MEDIA,DJI_0640.JPG,170,0.725167244796828,0.9668896597291041,p,ponderosa,0170.jpg,0170.jpg,set15b
set15b/100MEDIA,DJI_0648.JPG,171,0.5263166243654823,0.7017554991539764,i,cedar,0171.jpg,0171.jpg,set15b
set15b/100MEDIA,DJI_0648.JPG,172,0.14922271573604062,0.1989636209813875,w,fir,0172.jpg,0172.jpg,set15b
set15b/100MEDIA,DJI_0648.JPG,173,0.7688293147208122,1.0251057529610828,p,ponderosa,0173.jpg,0173.jpg,set15b
set15b/100MEDIA,DJI_0648.JPG,174,0.38607233502538035,0.5147631133671738,p,ponderosa,0174.jpg,0174.jpg,set15b
set15b/100MEDIA,DJI_0648.JPG,175,0.8246272208121831,1.0995029610829108,p,ponderosa,0175.jpg,0175.jpg,set15b
set15b/100MEDIA,DJI_0648.JPG,176,0.07926713197969457,0.10568950930625942,w,fir,0176.jpg,0176.jpg,set15b
set15b/100MEDIA,DJI_0648.JPG,177,0.3945669416243649,0.5260892554991532,p,ponderosa,0177.jpg,0177.jpg,set15b
set15b/100MEDIA,DJI_0648.JPG,178,0.6913784898477158,0.921837986463621,p,ponderosa,0178.jpg,0178.jpg,set15b
set15b/100MEDIA,DJI_0648.JPG,179,0.23766656091370456,0.3168887478849394,w,fir,0179.jpg,0179.jpg,set15b
set15b/100MEDIA,DJI_0648.JPG,180,0.7821541878172591,1.0428722504230121,p,ponderosa,0180.jpg,0180.jpg,set15b
set15b/100MEDIA,DJI_0656.JPG,181,0.5080974355797819,0.6774632474397092,w,fir,0181.jpg,0181.jpg,set15b
set15b/100MEDIA,DJI_0656.JPG,182,0.12790820118929616,0.17054426825239488,w,fir,0182.jpg,0182.jpg,set15b
set15b/100MEDIA,DJI_0656.JPG,183,0.7040944003964312,0.9387925338619083,p,ponderosa,0183.jpg,0183.jpg,set15b
set15b/100MEDIA,DJI_0656.JPG,184,0.38048965559960274,0.5073195407994704,i,cedar,0184.jpg,0184.jpg,set15b
set15b/100MEDIA,DJI_0656.JPG,185,0.16185889494548972,0.21581185992731963,w,fir,0185.jpg,0185.jpg,set15b
set15b/100MEDIA,DJI_0656.JPG,186,0.7705323959365702,1.0273765279154268,p,ponderosa,0186.jpg,0186.jpg,set15b
set15b/100MEDIA,DJI_0656.JPG,187,0.7837029236868168,1.0449372315824226,p,ponderosa,0187.jpg,0187.jpg,set15b
set15b/100MEDIA,DJI_0656.JPG,188,0.6793142963330012,0.9057523951106683,p,ponderosa,0188.jpg,0188.jpg,set15b
set15b/100MEDIA,DJI_0656.JPG,189,0.09834768334984839,0.1311302444664645,w,fir,0189.jpg,0189.jpg,set15b
set15b/100MEDIA,DJI_0656.JPG,190,0.5320970639246757,0.7094627518995675,p,ponderosa,0190.jpg,0190.jpg,set15b
set15b/100MEDIA,DJI_0664.JPG,191,0.46285691624365444,0.6171425549915392,p,ponderosa,0191.jpg,0191.jpg,set15b
set15b/100MEDIA,DJI_0664.JPG,192,0.15305361675126825,0.204071489001691,p,ponderosa,0192.jpg,0192.jpg,set15b
set15b/100MEDIA,DJI_0664.JPG,193,0.9207328680203041,1.227643824027072,p,ponderosa,0193.jpg,0193.jpg,set15b
set15b/100MEDIA,DJI_0664.JPG,194,0.15205425126903496,0.20273900169204662,w,fir,0194.jpg,0194.jpg,set15b
set15b/100MEDIA,DJI_0664.JPG,195,0.5421399111675128,0.7228532148900171,p,ponderosa,0195.jpg,0195.jpg,set15b
set15b/100MEDIA,DJI_0664.JPG,196,0.46568845177665014,0.6209179357022002,w,fir,0196.jpg,0196.jpg,set15b
set15b/100MEDIA,DJI_0664.JPG,197,0.21001744923857868,0.28002326565143826,w,fir,0197.jpg,0197.jpg,set15b
set15b/100MEDIA,DJI_0664.JPG,198,0.8894194162436556,1.1858925549915407,i,cedar,0198.jpg,0198.jpg,set15b
set15b/100MEDIA,DJI_0664.JPG,199,0.7878172588832493,1.0504230118443325,p,ponderosa,0199.jpg,0199.jpg,set15b
set15b/100MEDIA,DJI_0664.JPG,200,0.3705405298223347,0.4940540397631129,p,ponderosa,0200.jpg,0200.jpg,set15b
set15b/100MEDIA,DJI_0672.JPG,201,0.4414643211100098,0.5886190948133464,w,fir,0201.jpg,0201.jpg,set15b
set15b/100MEDIA,DJI_0672.JPG,202,0.7605747640228331,1.0140996853637774,p,ponderosa,0202.jpg,0202.jpg,set15b
set15b/100MEDIA,DJI_0672.JPG,203,0.20508911197956317,0.27345214930608425,w,fir,0203.jpg,0203.jpg,set15b
set15b/100MEDIA,DJI_0672.JPG,204,0.6321445882415829,0.8428594509887772,p,ponderosa,0204.jpg,0204.jpg,set15b
set15b/100MEDIA,DJI_0672.JPG,205,0.9072253424483142,1.2096337899310856,p,ponderosa,0205.jpg,0205.jpg,set15b
set15b/100MEDIA,DJI_0672.JPG,206,0.3470071182896587,0.4626761577195449,i,cedar,0206.jpg,0206.jpg,set15b
set15b/100MEDIA,DJI_0672.JPG,207,0.10576425470792698,0.141019006277236,w,fir,0207.jpg,0207.jpg,set15b
set15b/100MEDIA,DJI_0672.JPG,208,0.41527447105408094,0.55369929473877455,p,ponderosa,0208.jpg,0208.jpg,set15b
set15b/100MEDIA,DJI_0672.JPG,209,0.09919781089782961,0.13226374786377282,w,fir,0209.jpg,0209.jpg,set15b
set15b/100MEDIA,DJI_0672.JPG,210,0.8995940699122553,1.199458759883007,p,ponderosa,0210.jpg,0210.jpg,set15b
set15b/100MEDIA,DJI_0905.JPG,211,0.5616275380710658,0.7488367174280878,p,ponderosa,0211.jpg,0211.jpg,set15b
set15b/100MEDIA,DJI_0905.JPG,212,0.8471129441624365,1.1294839255499154,w,fir,0212.jpg,0212.jpg,set15b
set15b/100MEDIA,DJI_0905.JPG,213,0.6992068527918777,0.9322758037225035,p,ponderosa,0213.jpg,0213.jpg,set15b
set15b/100MEDIA,DJI_0905.JPG,214,0.4053934010152279,0.5405245346869706,p,ponderosa,0214.jpg,0214.jpg,set15b
set15b/100MEDIA,DJI_0905.JPG,215,0.25382296954314665,0.3384306260575289,p,ponderosa,0215.jpg,0215.jpg,set15b
set15b/100MEDIA,DJI_0905.JPG,216,0.19419416243654752,0.2589255499153967,i,cedar,0216.jpg,0216.jpg,set15b
set15b/100MEDIA,DJI_0905.JPG,217,0.5416402284263953,0.7221869712351937,p,ponderosa,0217.jpg,0217.jpg,set15b
set15b/100MEDIA,DJI_0905.JPG,218,0.2744765228426388,0.36596869712351837,i,cedar,0218.jpg,0218.jpg,set15b
set15b/100MEDIA,DJI_0905.JPG,219,0.8790926395939078,1.1721235194585438,p,ponderosa,0219.jpg,0219.jpg,set15b
set15b/100MEDIA,DJI_0905.JPG,220,0.8884200507614204,1.184560067681894,i,cedar,0220.jpg,0220.jpg,set15b
set15b/100MEDIA,DJI_0913.JPG,221,0.8795063181367692,1.1726750908490255,p,ponderosa,0221.jpg,0221.jpg,set15b
set15b/100MEDIA,DJI_0913.JPG,222,0.5452675916749256,0.7270234555665674,p,ponderosa,0222.jpg,0222.jpg,set15b
set15b/100MEDIA,DJI_0913.JPG,223,0.18488292864221964,0.24651057152295952,i,cedar,0223.jpg,0223.jpg,set15b
set15b/100MEDIA,DJI_0913.JPG,224,0.4447813429137759,0.5930417905517011,p,ponderosa,0224.jpg,0224.jpg,set15b
set15b/100MEDIA,DJI_0913.JPG,225,0.8941402378592671,1.1921869838123562,w,fir,0225.jpg,0225.jpg,set15b
set15b/100MEDIA,DJI_0913.JPG,226,0.17083436570862223,0.22777915427816298,p,ponderosa,0226.jpg,0226.jpg,set15b
set15b/100MEDIA,DJI_0913.JPG,227,0.16166377601585702,0.21555170135447604,p,ponderosa,0227.jpg,0227.jpg,set15b
set15b/100MEDIA,DJI_0913.JPG,228,0.5544381813676904,0.7392509084902539,w,fir,0228.jpg,0228.jpg,set15b
set15b/100MEDIA,DJI_0913.JPG,229,0.757361868186323,1.0098158242484307,w,fir,0229.jpg,0229.jpg,set15b
set15b/100MEDIA,DJI_0913.JPG,230,0.7206795094152628,0.9609060125536837,w,fir,0230.jpg,0230.jpg,set15b
set15b/100MEDIA,DJI_0921.JPG,231,0.14022842639593913,0.18697123519458553,w,fir,0231.jpg,0231.jpg,set15b
set15b/100MEDIA,DJI_0921.JPG,232,0.5664578045685276,0.7552770727580368,w,fir,0232.jpg,0232.jpg,set15b
set15b/100MEDIA,DJI_0921.JPG,233,0.8616037436548216,1.1488049915397622,p,ponderosa,0233.jpg,0233.jpg,set15b
set15b/100MEDIA,DJI_0921.JPG,234,0.3379362309644661,0.45058164128595485,p,ponderosa,0234.jpg,0234.jpg,set15b
set15b/100MEDIA,DJI_0921.JPG,235,0.6324159263959384,0.8432212351945845,p,ponderosa,0235.jpg,0235.jpg,set15b
set15b/100MEDIA,DJI_0921.JPG,236,0.19802506345177476,0.2640334179356997,p,ponderosa,0236.jpg,0236.jpg,set15b
set15b/100MEDIA,DJI_0921.JPG,237,0.812634835025381,1.0835131133671747,p,ponderosa,0237.jpg,0237.jpg,set15b
set15b/100MEDIA,DJI_0921.JPG,238,0.5611278553299485,0.7481704737732645,p,ponderosa,0238.jpg,0238.jpg,set15b
set15b/100MEDIA,DJI_0921.JPG,239,0.37957645939086165,0.5061019458544822,p,ponderosa,0239.jpg,0239.jpg,set15b
set15b/100MEDIA,DJI_0921.JPG,240,0.7413467639593908,0.9884623519458544,i,cedar,0240.jpg,0240.jpg,set15b
set15b/100MEDIA,DJI_0929.JPG,241,0.8930670837462835,1.1907561116617114,p,ponderosa,0241.jpg,0241.jpg,set15b
set15b/100MEDIA,DJI_0929.JPG,242,0.6893629212091182,0.9191505616121577,p,ponderosa,0242.jpg,0242.jpg,set15b
set15b/100MEDIA,DJI_0929.JPG,243,0.698143273042617,0.9308576973901561,p,ponderosa,0243.jpg,0243.jpg,set15b
set15b/100MEDIA,DJI_0929.JPG,244,0.46039085728444035,0.6138544763792537,w,fir,0244.jpg,0244.jpg,set15b
set15b/100MEDIA,DJI_0929.JPG,245,0.8792136397423197,1.1722848529897596,p,ponderosa,0245.jpg,0245.jpg,set15b
set15b/100MEDIA,DJI_0929.JPG,246,0.20098024033696693,0.2679736537826226,i,cedar,0246.jpg,0246.jpg,set15b
set15b/100MEDIA,DJI_0929.JPG,247,0.20507773785926653,0.27343698381235537,p,ponderosa,0247.jpg,0247.jpg,set15b
set15b/100MEDIA,DJI_0929.JPG,248,0.3748312066402387,0.4997749421869849,w,fir,0248.jpg,0248.jpg,set15b
set15b/100MEDIA,DJI_0929.JPG,249,0.3004908944499514,0.40065452593326856,w,fir,0249.jpg,0249.jpg,set15b
set15b/100MEDIA,DJI_0929.JPG,250,0.8604822224975245,1.1473096299966992,p,ponderosa,0250.jpg,0250.jpg,set15b
set15b/100MEDIA,DJI_0937.JPG,251,0.3414340101522843,0.4552453468697124,p,ponderosa,0251.jpg,0251.jpg,set15b
set15b/100MEDIA,DJI_0937.JPG,252,0.6192576142131978,0.8256768189509305,p,ponderosa,0252.jpg,0252.jpg,set15b
set15b/100MEDIA,DJI_0937.JPG,253,0.8059723984771572,1.0746298646362096,w,fir,0253.jpg,0253.jpg,set15b
set15b/100MEDIA,DJI_0937.JPG,254,0.25348984771573546,0.33798646362098056,p,ponderosa,0254.jpg,0254.jpg,set15b
set15b/100MEDIA,DJI_0937.JPG,255,0.11933843797709533,0.1591179173027938,p,ponderosa,0255.jpg,0255.jpg,set15b
set15b/100MEDIA,DJI_0937.JPG,256,0.6029706069257049,0.8039608092342732,p,ponderosa,0256.jpg,0256.jpg,set15b
set15b/100MEDIA,DJI_0937.JPG,257,0.8637561788482536,1.151674905131005,p,ponderosa,0257.jpg,0257.jpg,set15b
set15b/100MEDIA,DJI_0937.JPG,258,0.04968391624284876,0.06624522165713168,w,fir,0258.jpg,0258.jpg,set15b
set15b/100MEDIA,DJI_0937.JPG,259,0.7784832463127721,1.0379776617503629,p,ponderosa,0259.jpg,0259.jpg,set15b
set15b/100MEDIA,DJI_0937.JPG,260,0.43571597784733757,0.5809546371297835,p,ponderosa,0260.jpg,0260.jpg,set15b
set26b/100MEDIA,DJI_0243.JPG,261,0.5479016972249751,0.7305355962999668,w,fir,0261.jpg,0261.jpg,set26b
set26b/100MEDIA,DJI_0243.JPG,262,0.07034811694747256,0.09379748926329676,p,ponderosa,0262.jpg,0262.jpg,set26b
set26b/100MEDIA,DJI_0243.JPG,263,0.7136552279484634,0.9515403039312845,w,fir,0263.jpg,0263.jpg,set26b
set26b/100MEDIA,DJI_0243.JPG,264,0.43775706144697696,0.5836760819293026,w,fir,0264.jpg,0264.jpg,set26b
set26b/100MEDIA,DJI_0243.JPG,265,0.3003933349851328,0.4005244466468438,p,ponderosa,0265.jpg,0265.jpg,set26b
set26b/100MEDIA,DJI_0243.JPG,266,0.45941526263627286,0.6125536835150305,p,ponderosa,0266.jpg,0266.jpg,set26b
set26b/100MEDIA,DJI_0243.JPG,267,0.8637016848364715,1.1516022464486286,p,ponderosa,0267.jpg,0267.jpg,set26b
set26b/100MEDIA,DJI_0243.JPG,268,0.3185393954410288,0.42471919392137175,w,fir,0268.jpg,0268.jpg,set26b
set26b/100MEDIA,DJI_0243.JPG,269,0.09239655599603307,0.12319540799471075,w,fir,0269.jpg,0269.jpg,set26b
set26b/100MEDIA,DJI_0243.JPG,270,0.824482779980177,1.0993103733069027,w,fir,0270.jpg,0270.jpg,set26b
set26b/100MEDIA,DJI_0251.JPG,271,0.3557582487309644,0.47434433164128587,w,fir,0271.jpg,0271.jpg,set26b
set26b/100MEDIA,DJI_0251.JPG,272,0.7873175761421323,1.0497567681895097,p,ponderosa,0272.jpg,0272.jpg,set26b
set26b/100MEDIA,DJI_0251.JPG,273,0.13256662436548003,0.17675549915397337,p,ponderosa,0273.jpg,0273.jpg,set26b
set26b/100MEDIA,DJI_0251.JPG,274,0.530480647208121,0.707307529610828,i,cedar,0274.jpg,0274.jpg,set26b
set26b/100MEDIA,DJI_0251.JPG,275,0.12707011421319536,0.16942681895092718,i,cedar,0275.jpg,0275.jpg,set26b
set26b/100MEDIA,DJI_0251.JPG,276,0.8096367385786801,1.0795156514382402,p,ponderosa,0276.jpg,0276.jpg,set26b
set26b/100MEDIA,DJI_0251.JPG,277,0.37907677664974415,0.5054357021996588,p,ponderosa,0277.jpg,0277.jpg,set26b
set26b/100MEDIA,DJI_0251.JPG,278,0.9595415609137061,1.2793887478849415,p,ponderosa,0278.jpg,0278.jpg,set26b
set26b/100MEDIA,DJI_0251.JPG,279,0.5352276332487296,0.7136368443316394,w,fir,0279.jpg,0279.jpg,set26b
set26b/100MEDIA,DJI_0251.JPG,280,0.2634835025380681,0.3513113367174242,w,fir,0280.jpg,0280.jpg,set26b
set26b/100MEDIA,DJI_0287.JPG,281,0.42458653369672933,0.5661153782623058,p,ponderosa,0281.jpg,0281.jpg,set26b
set26b/100MEDIA,DJI_0287.JPG,282,0.11415231665014858,0.15220308886686476,p,ponderosa,0282.jpg,0282.jpg,set26b
set26b/100MEDIA,DJI_0287.JPG,283,0.9087741575817636,1.2116988767756849,w,fir,0283.jpg,0283.jpg,set26b
set26b/100MEDIA,DJI_0287.JPG,284,0.4838051288404356,0.6450735051205807,i,cedar,0284.jpg,0284.jpg,set26b
set26b/100MEDIA,DJI_0287.JPG,285,0.14956640237859223,0.199421869838123,w,fir,0285.jpg,0285.jpg,set26b
set26b/100MEDIA,DJI_0287.JPG,286,0.883603815659068,1.1781384208787573,p,ponderosa,0286.jpg,0286.jpg,set26b
set26b/100MEDIA,DJI_0287.JPG,287,0.23151635282457766,0.3086884704327702,p,ponderosa,0287.jpg,0287.jpg,set26b
set26b/100MEDIA,DJI_0287.JPG,288,0.340197596630326,0.45359679550710136,w,fir,0288.jpg,0288.jpg,set26b
set26b/100MEDIA,DJI_0287.JPG,289,0.6400953914767086,0.8534605219689448,w,fir,0289.jpg,0289.jpg,set26b
set26b/100MEDIA,DJI_0287.JPG,290,0.8873110753221013,1.1830814337628017,p,ponderosa,0290.jpg,0290.jpg,set26b
set26b/100MEDIA,DJI_0295.JPG,291,0.03612785532994886,0.048170473773265145,w,fir,0291.jpg,0291.jpg,set26b
set26b/100MEDIA,DJI_0295.JPG,292,0.6082645939086294,0.8110194585448393,p,ponderosa,0292.jpg,0292.jpg,set26b
set26b/100MEDIA,DJI_0295.JPG,293,0.1498889593908616,0.19985194585448215,p,ponderosa,0293.jpg,0293.jpg,set26b
set26b/100MEDIA,DJI_0295.JPG,294,0.34426554568527806,0.45902072758037077,w,fir,0294.jpg,0294.jpg,set26b
set26b/100MEDIA,DJI_0295.JPG,295,0.4546954314720805,0.6062605752961074,w,fir,0295.jpg,0295.jpg,set26b
set26b/100MEDIA,DJI_0295.JPG,296,0.21901173857867953,0.2920156514382394,w,fir,0296.jpg,0296.jpg,set26b
set26b/100MEDIA,DJI_0295.JPG,297,0.5429727157360416,0.7239636209813888,p,ponderosa,0297.jpg,0297.jpg,set26b
set26b/100MEDIA,DJI_0295.JPG,298,0.907241434010154,1.209655245346872,w,fir,0298.jpg,0298.jpg,set26b
set26b/100MEDIA,DJI_0295.JPG,299,0.7628331218274129,1.0171108291032172,p,ponderosa,0299.jpg,0299.jpg,set26b
set26b/100MEDIA,DJI_0295.JPG,300,0.34826300761421397,0.464350676818952,w,fir,0300.jpg,0300.jpg,set26b
set26b/100MEDIA,DJI_0549.JPG,301,0.8820023148148154,1.176003086419754,p,ponderosa,0301.jpg,0301.jpg,set26b
set26b/100MEDIA,DJI_0549.JPG,302,0.17390046296296302,0.23186728395061737,p,ponderosa,0302.jpg,0302.jpg,set26b
set26b/100MEDIA,DJI_0549.JPG,303,0.7631076388888911,1.0174768518518549,p,ponderosa,0303.jpg,0303.jpg,set26b
set26b/100MEDIA,DJI_0549.JPG,304,0.12447916666666724,0.16597222222222296,p,ponderosa,0304.jpg,0304.jpg,set26b
set26b/100MEDIA,DJI_0549.JPG,305,0.31983506944444456,0.4264467592592594,p,ponderosa,0305.jpg,0305.jpg,set26b
set26b/100MEDIA,DJI_0549.JPG,306,0.5780815972222241,0.7707754629629654,p,ponderosa,0306.jpg,0306.jpg,set26b
set26b/100MEDIA,DJI_0549.JPG,307,0.9168402777777819,1.222453703703709,i,cedar,0307.jpg,0307.jpg,set26b
set26b/100MEDIA,DJI_0549.JPG,308,0.17410300925925826,0.232137345679011,p,ponderosa,0308.jpg,0308.jpg,set26b
set26b/100MEDIA,DJI_0549.JPG,309,0.5135706018518533,0.6847608024691377,i,cedar,0309.jpg,0309.jpg,set26b
set26b/100MEDIA,DJI_0549.JPG,310,0.35497685185185246,0.47330246913580326,w,fir,0310.jpg,0310.jpg,set26b
set26b/100MEDIA,DJI_0557.JPG,311,0.46951935279187823,0.6260258037225044,p,ponderosa,0311.jpg,0311.jpg,set26b
set26b/100MEDIA,DJI_0557.JPG,312,0.8162991751269022,1.088398900169203,i,cedar,0312.jpg,0312.jpg,set26b
set26b/100MEDIA,DJI_0557.JPG,313,0.12723667512690143,0.1696489001692019,p,ponderosa,0313.jpg,0313.jpg,set26b
set26b/100MEDIA,DJI_0557.JPG,314,0.11257931472080988,0.15010575296107984,p,ponderosa,0314.jpg,0314.jpg,set26b
set26b/100MEDIA,DJI_0557.JPG,315,0.44220336294416146,0.5896044839255485,p,ponderosa,0315.jpg,0315.jpg,set26b
set26b/100MEDIA,DJI_0557.JPG,316,0.2105171319796939,0.2806895093062585,i,cedar,0316.jpg,0316.jpg,set26b
set26b/100MEDIA,DJI_0557.JPG,317,0.7831535532994922,1.0442047377326562,p,ponderosa,0317.jpg,0317.jpg,set26b
set26b/100MEDIA,DJI_0557.JPG,318,0.34126744923857705,0.455023265651436,p,ponderosa,0318.jpg,0318.jpg,set26b
set26b/100MEDIA,DJI_0557.JPG,319,0.5533827728426385,0.7378436971235179,w,fir,0319.jpg,0319.jpg,set26b
set26b/100MEDIA,DJI_0557.JPG,320,0.8744289340101518,1.165905245346869,p,ponderosa,0320.jpg,0320.jpg,set26b
set26b/100MEDIA,DJI_0585.JPG,321,0.21461226851851853,0.2861496913580247,p,ponderosa,0321.jpg,0321.jpg,set26b
set26b/100MEDIA,DJI_0585.JPG,322,0.3630787037037035,0.4841049382716046,i,cedar,0322.jpg,0322.jpg,set26b
set26b/100MEDIA,DJI_0585.JPG,323,0.7335358796296303,0.9780478395061737,p,ponderosa,0323.jpg,0323.jpg,set26b
set26b/100MEDIA,DJI_0585.JPG,324,0.5102285879629621,0.6803047839506161,p,ponderosa,0324.jpg,0324.jpg,set26b
set26b/100MEDIA,DJI_0585.JPG,325,0.8125289351851855,1.0833719135802473,p,ponderosa,0325.jpg,0325.jpg,set26b
set26b/100MEDIA,DJI_0585.JPG,326,0.5075954861111109,0.6767939814814812,p,ponderosa,0326.jpg,0326.jpg,set26b
set26b/100MEDIA,DJI_0585.JPG,327,0.9116753472222241,1.215567129629632,p,ponderosa,0327.jpg,0327.jpg,set26b
set26b/100MEDIA,DJI_0585.JPG,328,0.32094907407407425,0.4279320987654323,p,ponderosa,0328.jpg,0328.jpg,set26b
set26b/100MEDIA,DJI_0585.JPG,329,0.14133301897576583,0.1884440253010211,s,sugar,0329.jpg,0329.jpg,set26b
set26b/100MEDIA,DJI_0585.JPG,330,0.17578089277549172,0.23437452370065565,p,ponderosa,0330.jpg,0330.jpg,set26b
set26b/100MEDIA,DJI_0593.JPG,331,0.14222715736040611,0.18963620981387483,p,ponderosa,0331.jpg,0331.jpg,set26b
set26b/100MEDIA,DJI_0593.JPG,332,0.8804251269035532,1.1739001692047377,p,ponderosa,0332.jpg,0332.jpg,set26b
set26b/100MEDIA,DJI_0593.JPG,333,0.29429727157360436,0.39239636209813916,p,ponderosa,0333.jpg,0333.jpg,set26b
set26b/100MEDIA,DJI_0593.JPG,334,0.11591053299492368,0.15454737732656493,w,fir,0334.jpg,0334.jpg,set26b
set26b/100MEDIA,DJI_0593.JPG,335,0.41438769035532996,0.5525169204737732,i,cedar,0335.jpg,0335.jpg,set26b
set26b/100MEDIA,DJI_0593.JPG,336,0.15921637055837518,0.21228849407783357,p,ponderosa,0336.jpg,0336.jpg,set26b
set26b/100MEDIA,DJI_0593.JPG,337,0.3432661802030451,0.45768824027072685,p,ponderosa,0337.jpg,0337.jpg,set26b
set26b/100MEDIA,DJI_0593.JPG,338,0.7100333121827415,0.9467110829103219,p,ponderosa,0338.jpg,0338.jpg,set26b
set26b/100MEDIA,DJI_0593.JPG,339,0.8992465101522854,1.1989953468697139,p,ponderosa,0339.jpg,0339.jpg,set26b
set26b/100MEDIA,DJI_0593.JPG,340,0.6757217639593909,0.9009623519458545,p,ponderosa,0340.jpg,0340.jpg,set26b
set26b/100MEDIA,DJI_0847.JPG,341,0.5226522842639594,0.6968697123519458,p,ponderosa,0341.jpg,0341.jpg,set26b
set26b/100MEDIA,DJI_0847.JPG,342,0.13223350253807084,0.1763113367174278,p,ponderosa,0342.jpg,0342.jpg,set26b
set26b/100MEDIA,DJI_0847.JPG,343,0.7438451776649745,0.9917935702199661,p,ponderosa,0343.jpg,0343.jpg,set26b
set26b/100MEDIA,DJI_0847.JPG,344,0.17553934010152145,0.23405245346869527,p,ponderosa,0344.jpg,0344.jpg,set26b
set26b/100MEDIA,DJI_0847.JPG,345,0.428545368020304,0.5713938240270721,p,ponderosa,0345.jpg,0345.jpg,set26b
set26b/100MEDIA,DJI_0847.JPG,346,0.5862785532994925,0.7817047377326566,p,ponderosa,0346.jpg,0346.jpg,set26b
set26b/100MEDIA,DJI_0847.JPG,347,0.8484454314720821,1.1312605752961096,i,cedar,0347.jpg,0347.jpg,set26b
set26b/100MEDIA,DJI_0847.JPG,348,0.31828204314720693,0.4243760575296092,p,ponderosa,0348.jpg,0348.jpg,set26b
set26b/100MEDIA,DJI_0847.JPG,349,0.6782201776649742,0.9042935702199656,w,fir,0349.jpg,0349.jpg,set26b
set26b/100MEDIA,DJI_0847.JPG,350,0.8128013959390865,1.0837351945854485,p,ponderosa,0350.jpg,0350.jpg,set26b
set26b/200MEDIA,DJI_0182.JPG,351,0.8141493055555556,1.0855324074074075,p,ponderosa,0351.jpg,0351.jpg,set26b
set26b/200MEDIA,DJI_0182.JPG,352,0.1807870370370372,0.2410493827160496,w,fir,0352.jpg,0352.jpg,set26b
set26b/200MEDIA,DJI_0182.JPG,353,0.5857783564814824,0.7810378086419764,w,fir,0353.jpg,0353.jpg,set26b
set26b/200MEDIA,DJI_0182.JPG,354,0.7155092592592608,0.9540123456790144,p,ponderosa,0354.jpg,0354.jpg,set26b
set26b/200MEDIA,DJI_0182.JPG,355,0.15303819444444552,0.20405092592592736,p,ponderosa,0355.jpg,0355.jpg,set26b
set26b/200MEDIA,DJI_0182.JPG,356,0.4578703703703721,0.6104938271604962,w,fir,0356.jpg,0356.jpg,set26b
set26b/200MEDIA,DJI_0182.JPG,357,0.2842881944444434,0.37905092592592454,w,fir,0357.jpg,0357.jpg,set26b
set26b/200MEDIA,DJI_0182.JPG,358,0.6160590277777785,0.821412037037038,w,fir,0358.jpg,0358.jpg,set26b
set26b/200MEDIA,DJI_0182.JPG,359,0.8137442129629651,1.08499228395062,p,ponderosa,0359.jpg,0359.jpg,set26b
set26b/200MEDIA,DJI_0182.JPG,360,0.0802409532231655,0.10698793763088735,p,ponderosa,0360.jpg,0360.jpg,set26b
set26b/200MEDIA,DJI_0190.JPG,361,0.43345306513409976,0.5779374201787997,p,ponderosa,0361.jpg,0361.jpg,set26b
set26b/200MEDIA,DJI_0190.JPG,362,0.0968630268199234,0.12915070242656454,p,ponderosa,0362.jpg,0362.jpg,set26b
set26b/200MEDIA,DJI_0190.JPG,363,0.8546934865900402,1.139591315453387,p,ponderosa,0363.jpg,0363.jpg,set26b
set26b/200MEDIA,DJI_0190.JPG,364,0.07557471264367935,0.1007662835249058,p,ponderosa,0364.jpg,0364.jpg,set26b
set26b/200MEDIA,DJI_0190.JPG,365,0.35383141762452175,0.47177522349936235,w,fir,0365.jpg,0365.jpg,set26b
set26b/200MEDIA,DJI_0190.JPG,366,0.5828065134099625,0.7770753512132833,p,ponderosa,0366.jpg,0366.jpg,set26b
set26b/200MEDIA,DJI_0190.JPG,367,0.18494971264367777,0.246599616858237,i,cedar,0367.jpg,0367.jpg,set26b
set26b/200MEDIA,DJI_0190.JPG,368,0.9477670019157102,1.2636893358876136,w,fir,0368.jpg,0368.jpg,set26b
set26b/200MEDIA,DJI_0190.JPG,369,0.437769396551723,0.5836925287356306,w,fir,0369.jpg,0369.jpg,set26b
set26b/200MEDIA,DJI_0190.JPG,370,0.6257602969348662,0.8343470625798216,w,fir,0370.jpg,0370.jpg,set26b
set26b/200MEDIA,DJI_0198.JPG,371,0.5801157994923857,0.7734877326565143,p,ponderosa,0371.jpg,0371.jpg,set26b
set26b/200MEDIA,DJI_0198.JPG,372,0.38540609137055803,0.5138747884940773,p,ponderosa,0372.jpg,0372.jpg,set26b
set26b/200MEDIA,DJI_0198.JPG,373,0.04953600888324818,0.0660480118443309,w,fir,0373.jpg,0373.jpg,set26b
set26b/200MEDIA,DJI_0198.JPG,374,0.6127617385786799,0.8170156514382398,w,fir,0374.jpg,0374.jpg,set26b
set26b/200MEDIA,DJI_0198.JPG,375,0.8772604695431471,1.1696806260575294,w,fir,0375.jpg,0375.jpg,set26b
set26b/200MEDIA,DJI_0198.JPG,376,0.8477791878172599,1.1303722504230134,p,ponderosa,0376.jpg,0376.jpg,set26b
set26b/200MEDIA,DJI_0198.JPG,377,0.23500158629441484,0.3133354483925531,p,ponderosa,0377.jpg,0377.jpg,set26b
set26b/200MEDIA,DJI_0198.JPG,378,0.22967163705583585,0.3062288494077811,s,sugar,0378.jpg,0378.jpg,set26b
set26b/200MEDIA,DJI_0198.JPG,379,0.5060794733502525,0.6747726311336699,w,fir,0379.jpg,0379.jpg,set26b
set26b/200MEDIA,DJI_0198.JPG,380,0.681634676395939,0.9088462351945854,p,ponderosa,0380.jpg,0380.jpg,set26b
set26b/200MEDIA,DJI_0206.JPG,381,0.606640625000001,0.808854166666668,p,ponderosa,0381.jpg,0381.jpg,set26b
set26b/200MEDIA,DJI_0206.JPG,382,0.1541015625000014,0.20546875000000187,p,ponderosa,0382.jpg,0382.jpg,set26b
set26b/200MEDIA,DJI_0206.JPG,383,0.1315429687500014,0.17539062500000188,p,ponderosa,0383.jpg,0383.jpg,set26b
set26b/200MEDIA,DJI_0206.JPG,384,0.7836914062500016,1.0449218750000022,w,fir,0384.jpg,0384.jpg,set26b
set26b/200MEDIA,DJI_0206.JPG,385,0.10283203125000014,0.13710937500000017,i,cedar,0385.jpg,0385.jpg,set26b
set26b/200MEDIA,DJI_0206.JPG,386,0.8183268229166686,1.0911024305555581,p,ponderosa,0386.jpg,0386.jpg,set26b
set26b/200MEDIA,DJI_0206.JPG,387,0.5930826822916676,0.7907769097222235,w,fir,0387.jpg,0387.jpg,set26b
set26b/200MEDIA,DJI_0206.JPG,388,0.6288574218750014,0.8384765625000018,w,fir,0388.jpg,0388.jpg,set26b
set26b/200MEDIA,DJI_0206.JPG,389,0.23658854166666532,0.3154513888888871,s,sugar,0389.jpg,0389.jpg,set26b
set26b/200MEDIA,DJI_0206.JPG,390,0.4063476562499997,0.5417968749999996,p,ponderosa,0390.jpg,0390.jpg,set26b
set26b/200MEDIA,DJI_0517.JPG,391,0.3406012055837564,0.4541349407783418,p,ponderosa,0391.jpg,0391.jpg,set26b
set26b/200MEDIA,DJI_0517.JPG,392,0.7901491116751276,1.05353214890017,p,ponderosa,0392.jpg,0392.jpg,set26b
set26b/200MEDIA,DJI_0517.JPG,393,0.11707645939086231,0.1561019458544831,p,ponderosa,0393.jpg,0393.jpg,set26b
set26b/200MEDIA,DJI_0517.JPG,394,0.13473191624365397,0.1796425549915386,p,ponderosa,0394.jpg,0394.jpg,set26b
set26b/200MEDIA,DJI_0517.JPG,395,0.3455980329949235,0.4607973773265646,p,ponderosa,0395.jpg,0395.jpg,set26b
set26b/200MEDIA,DJI_0517.JPG,396,0.3262769670050758,0.4350359560067677,p,ponderosa,0396.jpg,0396.jpg,set26b
set26b/200MEDIA,DJI_0517.JPG,397,0.8219622461928949,1.0959496615905264,p,ponderosa,0397.jpg,0397.jpg,set26b
set26b/200MEDIA,DJI_0517.JPG,398,0.7679965101522851,1.0239953468697134,p,ponderosa,0398.jpg,0398.jpg,set26b
set26b/200MEDIA,DJI_0517.JPG,399,0.5206535532994919,0.6942047377326559,p,ponderosa,0399.jpg,0399.jpg,set26b
set26b/200MEDIA,DJI_0517.JPG,400,0.5094939720812185,0.6793252961082913,p,ponderosa,0400.jpg,0400.jpg,set26b
set26b/200MEDIA,DJI_0525.JPG,401,0.07320963541666688,0.0976128472222225,p,ponderosa,0401.jpg,0401.jpg,set26b
set26b/200MEDIA,DJI_0525.JPG,402,0.49692382812500024,0.662565104166667,p,ponderosa,0402.jpg,0402.jpg,set26b
set26b/200MEDIA,DJI_0525.JPG,403,0.3051757812500008,0.40690104166666774,p,ponderosa,0403.jpg,0403.jpg,set26b
set26b/200MEDIA,DJI_0525.JPG,404,0.8857747395833343,1.1810329861111124,p,ponderosa,0404.jpg,0404.jpg,set26b
set26b/200MEDIA,DJI_0525.JPG,405,0.3007324218750007,0.40097656250000097,p,ponderosa,0405.jpg,0405.jpg,set26b
set26b/200MEDIA,DJI_0525.JPG,406,0.47687174479166683,0.6358289930555557,p,ponderosa,0406.jpg,0406.jpg,set26b
set26b/200MEDIA,DJI_0525.JPG,407,0.9166503906250014,1.2222005208333353,i,cedar,0407.jpg,0407.jpg,set26b
set26b/200MEDIA,DJI_0525.JPG,408,0.7247884114583341,0.9663845486111121,p,ponderosa,0408.jpg,0408.jpg,set26b
set26b/200MEDIA,DJI_0525.JPG,409,0.44890136718749973,0.5985351562499996,i,cedar,0409.jpg,0409.jpg,set26b
set26b/200MEDIA,DJI_0525.JPG,410,0.1838378906249989,0.2451171874999985,p,ponderosa,0410.jpg,0410.jpg,set26b
set26b/200MEDIA,DJI_0533.JPG,411,0.10449561474142598,0.1393274863219013,p,ponderosa,0411.jpg,0411.jpg,set26b
set26b/200MEDIA,DJI_0533.JPG,412,0.7104628195135155,0.9472837593513541,w,fir,0412.jpg,0412.jpg,set26b
set26b/200MEDIA,DJI_0533.JPG,413,0.5767993772385274,0.7690658363180365,p,ponderosa,0413.jpg,0413.jpg,set26b
set26b/200MEDIA,DJI_0533.JPG,414,0.5253827841157978,0.7005103788210637,p,ponderosa,0414.jpg,0414.jpg,set26b
set26b/200MEDIA,DJI_0533.JPG,415,0.3520241559625338,0.4693655412833784,w,fir,0415.jpg,0415.jpg,set26b
set26b/200MEDIA,DJI_0533.JPG,416,0.08489426985364068,0.11319235980485425,p,ponderosa,0416.jpg,0416.jpg,set26b
set26b/200MEDIA,DJI_0533.JPG,417,0.645157836294416,0.8602104483925548,p,ponderosa,0417.jpg,0417.jpg,set26b
set26b/200MEDIA,DJI_0533.JPG,418,0.4753451800806504,0.6337935734408672,p,ponderosa,0418.jpg,0418.jpg,set26b
set26b/200MEDIA,DJI_0533.JPG,419,0.1126710500463786,0.1502280667285048,i,cedar,0419.jpg,0419.jpg,set26b
set26b/200MEDIA,DJI_0533.JPG,420,0.7871937123154408,1.0495916164205876,p,ponderosa,0420.jpg,0420.jpg,set26b
set26b/200MEDIA,DJI_0541.JPG,421,0.08026649746192889,0.10702199661590518,p,ponderosa,0421.jpg,0421.jpg,set26b
set26b/200MEDIA,DJI_0541.JPG,422,0.5225690038071067,0.6967586717428089,p,ponderosa,0422.jpg,0422.jpg,set26b
set26b/200MEDIA,DJI_0541.JPG,423,0.7732431789340105,1.0309909052453472,i,cedar,0423.jpg,0423.jpg,set26b
set26b/200MEDIA,DJI_0541.JPG,424,0.13048461294416186,0.17397948392554916,w,fir,0424.jpg,0424.jpg,set26b
set26b/200MEDIA,DJI_0541.JPG,425,0.5713713515228424,0.7618284686971232,p,ponderosa,0425.jpg,0425.jpg,set26b
set26b/200MEDIA,DJI_0541.JPG,426,0.3042076459390857,0.40561019458544767,i,cedar,0426.jpg,0426.jpg,set26b
set26b/200MEDIA,DJI_0541.JPG,427,0.8932503172588843,1.1910004230118456,u,unknown,0427.jpg,0427.jpg,set26b
set26b/200MEDIA,DJI_0541.JPG,428,0.19027998096446636,0.25370664128595516,s,sugar,0428.jpg,0428.jpg,set26b
set26b/200MEDIA,DJI_0541.JPG,429,0.8573564403553312,1.143141920473775,w,fir,0429.jpg,0429.jpg,set26b
set26b/200MEDIA,DJI_0541.JPG,430,0.38457328680203084,0.5127643824027078,u,unknown,0430.jpg,0430.jpg,set26b
set26b/200MEDIA,DJI_0549.JPG,431,0.5854492187500003,0.7805989583333337,p,ponderosa,0431.jpg,0431.jpg,set26b
set26b/200MEDIA,DJI_0549.JPG,432,0.7805013020833335,1.040668402777778,p,ponderosa,0432.jpg,0432.jpg,set26b
set26b/200MEDIA,DJI_0549.JPG,433,0.2521972656249999,0.3362630208333332,w,fir,0433.jpg,0433.jpg,set26b
set26b/200MEDIA,DJI_0549.JPG,434,0.5281412760416666,0.7041883680555554,p,ponderosa,0434.jpg,0434.jpg,set26b
set26b/200MEDIA,DJI_0549.JPG,435,0.7365234375000002,0.9820312500000002,p,ponderosa,0435.jpg,0435.jpg,set26b
set26b/200MEDIA,DJI_0549.JPG,436,0.15205078124999913,0.20273437499999883,p,ponderosa,0436.jpg,0436.jpg,set26b
set26b/200MEDIA,DJI_0549.JPG,437,0.5638020833333326,0.7517361111111102,p,ponderosa,0437.jpg,0437.jpg,set26b
set26b/200MEDIA,DJI_0549.JPG,438,0.43961588541666563,0.5861545138888875,p,ponderosa,0438.jpg,0438.jpg,set26b
set26b/200MEDIA,DJI_0549.JPG,439,0.04091695149739506,0.054555935329860084,p,ponderosa,0439.jpg,0439.jpg,set26b
set26b/200MEDIA,DJI_0549.JPG,440,0.8984162394205746,1.1978883192274328,w,fir,0440.jpg,0440.jpg,set26b
set26b/200MEDIA,DJI_0557.JPG,441,0.12806947969543145,0.17075930626057528,p,ponderosa,0441.jpg,0441.jpg,set26b
set26b/200MEDIA,DJI_0557.JPG,442,0.5354774746192889,0.7139699661590517,w,fir,0442.jpg,0442.jpg,set26b
set26b/200MEDIA,DJI_0557.JPG,443,0.8316227791878169,1.1088303722504227,i,cedar,0443.jpg,0443.jpg,set26b
set26b/200MEDIA,DJI_0557.JPG,444,0.18828124999999996,0.2510416666666666,w,fir,0444.jpg,0444.jpg,set26b
set26b/200MEDIA,DJI_0557.JPG,445,0.795978743654823,1.061304991539764,p,ponderosa,0445.jpg,0445.jpg,set26b
set26b/200MEDIA,DJI_0557.JPG,446,0.3361040609137053,0.4481387478849404,p,ponderosa,0446.jpg,0446.jpg,set26b
set26b/200MEDIA,DJI_0557.JPG,447,0.5436389593908632,0.7248519458544842,p,ponderosa,0447.jpg,0447.jpg,set26b
set26b/200MEDIA,DJI_0557.JPG,448,0.09192576142131899,0.12256768189509198,p,ponderosa,0448.jpg,0448.jpg,set26b
set26b/200MEDIA,DJI_0557.JPG,449,0.688713515228427,0.918284686971236,p,ponderosa,0449.jpg,0449.jpg,set26b
set26b/200MEDIA,DJI_0557.JPG,450,0.9332249365482254,1.2442999153976337,i,cedar,0450.jpg,0450.jpg,set26b
set26b/200MEDIA,DJI_0565.JPG,451,0.3710286458333334,0.49470486111111117,p,ponderosa,0451.jpg,0451.jpg,set26b
set26b/200MEDIA,DJI_0565.JPG,452,0.6344401041666665,0.8459201388888887,p,ponderosa,0452.jpg,0452.jpg,set26b
set26b/200MEDIA,DJI_0565.JPG,453,0.09223632812499964,0.12298177083333287,w,fir,0453.jpg,0453.jpg,set26b
set26b/200MEDIA,DJI_0565.JPG,454,0.8493164062500004,1.1324218750000004,p,ponderosa,0454.jpg,0454.jpg,set26b
set26b/200MEDIA,DJI_0565.JPG,455,0.09200846354166659,0.12267795138888878,w,fir,0455.jpg,0455.jpg,set26b
set26b/200MEDIA,DJI_0565.JPG,456,0.8856608072916676,1.1808810763888902,i,cedar,0456.jpg,0456.jpg,set26b
set26b/200MEDIA,DJI_0565.JPG,457,0.407259114583333,0.5430121527777774,w,fir,0457.jpg,0457.jpg,set26b
set26b/200MEDIA,DJI_0565.JPG,458,0.5193684895833326,0.6924913194444435,w,fir,0458.jpg,0458.jpg,set26b
set26b/200MEDIA,DJI_0565.JPG,459,0.7691080729166665,1.0254774305555552,p,ponderosa,0459.jpg,0459.jpg,set26b
set26b/200MEDIA,DJI_0565.JPG,460,0.1006673177083311,0.1342230902777748,p,ponderosa,0460.jpg,0460.jpg,set26b
set27b/100MEDIA,DJI_0005.JPG,461,0.21722005208333345,0.2896267361111112,i,cedar,0461.jpg,0461.jpg,set27b
set27b/100MEDIA,DJI_0005.JPG,462,0.3952962239583333,0.5270616319444444,w,fir,0462.jpg,0462.jpg,set27b
set27b/100MEDIA,DJI_0005.JPG,463,0.8937499999999998,1.1916666666666664,p,ponderosa,0463.jpg,0463.jpg,set27b
set27b/100MEDIA,DJI_0005.JPG,464,0.05008138020833093,0.06677517361110791,p,ponderosa,0464.jpg,0464.jpg,set27b
set27b/100MEDIA,DJI_0005.JPG,465,0.8657226562499997,1.1542968749999996,p,ponderosa,0465.jpg,0465.jpg,set27b
set27b/100MEDIA,DJI_0005.JPG,466,0.17848307291666493,0.23797743055555323,p,ponderosa,0466.jpg,0466.jpg,set27b
set27b/100MEDIA,DJI_0005.JPG,467,0.2654134114583323,0.35388454861110974,w,fir,0467.jpg,0467.jpg,set27b
set27b/100MEDIA,DJI_0005.JPG,468,0.7212565104166676,0.9616753472222235,p,ponderosa,0468.jpg,0468.jpg,set27b
set27b/100MEDIA,DJI_0005.JPG,469,0.8781412760416685,1.1708550347222246,p,ponderosa,0469.jpg,0469.jpg,set27b
set27b/100MEDIA,DJI_0005.JPG,470,0.4281087239583324,0.5708116319444432,w,fir,0470.jpg,0470.jpg,set27b
set27b/100MEDIA,DJI_0013.JPG,471,0.31814915758176415,0.4241988767756856,p,ponderosa,0471.jpg,0471.jpg,set27b
set27b/100MEDIA,DJI_0013.JPG,472,0.7600935332011891,1.0134580442682521,w,fir,0472.jpg,0472.jpg,set27b
set27b/100MEDIA,DJI_0013.JPG,473,0.48614655599603557,0.6481954079947141,i,cedar,0473.jpg,0473.jpg,set27b
set27b/100MEDIA,DJI_0013.JPG,474,0.10059155104063411,0.1341220680541788,w,fir,0474.jpg,0474.jpg,set27b
set27b/100MEDIA,DJI_0013.JPG,475,0.3136614222001982,0.41821522960026425,w,fir,0475.jpg,0475.jpg,set27b
set27b/100MEDIA,DJI_0013.JPG,476,0.7357036669970269,0.9809382226627026,p,ponderosa,0476.jpg,0476.jpg,set27b
set27b/100MEDIA,DJI_0013.JPG,477,0.5739500743310212,0.765266765774695,p,ponderosa,0477.jpg,0477.jpg,set27b
set27b/100MEDIA,DJI_0013.JPG,478,0.0742504955401385,0.09900066072018467,w,fir,0478.jpg,0478.jpg,set27b
set27b/100MEDIA,DJI_0013.JPG,479,0.7628251982160571,1.017100264288076,p,ponderosa,0479.jpg,0479.jpg,set27b
set27b/100MEDIA,DJI_0013.JPG,480,0.47141507680872197,0.6285534357449627,s,sugar,0480.jpg,0480.jpg,set27b
set27b/100MEDIA,DJI_0027.JPG,481,0.48336588541666686,0.6444878472222225,p,ponderosa,0481.jpg,0481.jpg,set27b
set27b/100MEDIA,DJI_0027.JPG,482,0.9033772786458332,1.2045030381944442,w,fir,0482.jpg,0482.jpg,set27b
set27b/100MEDIA,DJI_0027.JPG,483,0.5628336588541668,0.7504448784722224,w,fir,0483.jpg,0483.jpg,set27b
set27b/100MEDIA,DJI_0027.JPG,484,0.192781575520833,0.257042100694444,p,ponderosa,0484.jpg,0484.jpg,set27b
set27b/100MEDIA,DJI_0027.JPG,485,0.15176595052083336,0.20235460069444447,w,fir,0485.jpg,0485.jpg,set27b
set27b/100MEDIA,DJI_0027.JPG,486,0.30739746093750014,0.4098632812500002,i,cedar,0486.jpg,0486.jpg,set27b
set27b/100MEDIA,DJI_0027.JPG,487,0.4764729817708333,0.6352973090277778,w,fir,0487.jpg,0487.jpg,set27b
set27b/100MEDIA,DJI_0027.JPG,488,0.7786214192708334,1.0381618923611111,w,fir,0488.jpg,0488.jpg,set27b
set27b/100MEDIA,DJI_0027.JPG,489,0.6589925130208332,0.8786566840277775,i,cedar,0489.jpg,0489.jpg,set27b
set27b/100MEDIA,DJI_0027.JPG,490,0.8367268880208335,1.1156358506944448,p,ponderosa,0490.jpg,0490.jpg,set27b
set27b/100MEDIA,DJI_0035.JPG,491,0.13600563676907845,0.18134084902543793,w,fir,0491.jpg,0491.jpg,set27b
set27b/100MEDIA,DJI_0035.JPG,492,0.5199996902874137,0.6933329203832181,p,ponderosa,0492.jpg,0492.jpg,set27b
set27b/100MEDIA,DJI_0035.JPG,493,0.8081903493557983,1.0775871324743977,p,ponderosa,0493.jpg,0493.jpg,set27b
set27b/100MEDIA,DJI_0035.JPG,494,0.30985660307234936,0.4131421374297991,p,ponderosa,0494.jpg,0494.jpg,set27b
set27b/100MEDIA,DJI_0035.JPG,495,0.3348318260654115,0.44644243475388196,w,fir,0495.jpg,0495.jpg,set27b
set27b/100MEDIA,DJI_0035.JPG,496,0.846628778493558,1.128838371324744,w,fir,0496.jpg,0496.jpg,set27b
set27b/100MEDIA,DJI_0035.JPG,497,0.1804927527254688,0.24065700363395842,p,ponderosa,0497.jpg,0497.jpg,set27b
set27b/100MEDIA,DJI_0035.JPG,498,0.6037057111000979,0.8049409481334637,p,ponderosa,0498.jpg,0498.jpg,set27b
set27b/100MEDIA,DJI_0035.JPG,499,0.15532241080277195,0.20709654773702926,i,cedar,0499.jpg,0499.jpg,set27b
set27b/100MEDIA,DJI_0035.JPG,500,0.8397996159563924,1.1197328212751898,w,fir,0500.jpg,0500.jpg,set27b
set27b/100MEDIA,DJI_0043.JPG,501,0.8705078125000003,1.1606770833333337,p,ponderosa,0501.jpg,0501.jpg,set27b
set27b/100MEDIA,DJI_0043.JPG,502,0.1263020833333337,0.1684027777777783,p,ponderosa,0502.jpg,0502.jpg,set27b
set27b/100MEDIA,DJI_0043.JPG,503,0.6403645833333338,0.853819444444445,w,fir,0503.jpg,0503.jpg,set27b
set27b/100MEDIA,DJI_0043.JPG,504,0.49384765625000027,0.658463541666667,p,ponderosa,0504.jpg,0504.jpg,set27b
set27b/100MEDIA,DJI_0043.JPG,505,0.3240885416666667,0.4321180555555556,p,ponderosa,0505.jpg,0505.jpg,set27b
set27b/100MEDIA,DJI_0043.JPG,506,0.3772949218750002,0.5030598958333337,p,ponderosa,0506.jpg,0506.jpg,set27b
set27b/100MEDIA,DJI_0043.JPG,507,0.13279622395833232,0.1770616319444431,w,fir,0507.jpg,0507.jpg,set27b
set27b/100MEDIA,DJI_0043.JPG,508,0.9166503906250003,1.2222005208333337,w,fir,0508.jpg,0508.jpg,set27b
set27b/100MEDIA,DJI_0043.JPG,509,0.46764322916666556,0.623524305555554,u,unknown,0509.jpg,0509.jpg,set27b
set27b/100MEDIA,DJI_0043.JPG,510,0.8180989583333332,1.090798611111111,u,unknown,0510.jpg,0510.jpg,set27b
set27b/100MEDIA,DJI_0297.JPG,511,0.15227864583332942,0.2030381944444392,w,fir,0511.jpg,0511.jpg,set27b
set27b/100MEDIA,DJI_0297.JPG,512,0.4015624999999986,0.5354166666666648,p,ponderosa,0512.jpg,0512.jpg,set27b
set27b/100MEDIA,DJI_0297.JPG,513,0.8579752604166684,1.143967013888891,p,ponderosa,0513.jpg,0513.jpg,set27b
set27b/100MEDIA,DJI_0297.JPG,514,0.438362630208332,0.5844835069444426,w,fir,0514.jpg,0514.jpg,set27b
set27b/100MEDIA,DJI_0297.JPG,515,0.5746256510416664,0.7661675347222218,i,cedar,0515.jpg,0515.jpg,set27b
set27b/100MEDIA,DJI_0297.JPG,516,0.09440104166666251,0.12586805555555,p,ponderosa,0516.jpg,0516.jpg,set27b
set27b/100MEDIA,DJI_0297.JPG,517,0.3036946614583314,0.4049262152777752,p,ponderosa,0517.jpg,0517.jpg,set27b
set27b/100MEDIA,DJI_0297.JPG,518,0.610286458333334,0.8137152777777785,w,fir,0518.jpg,0518.jpg,set27b
set27b/100MEDIA,DJI_0297.JPG,519,0.9238281250000033,1.231770833333338,w,fir,0519.jpg,0519.jpg,set27b
set27b/100MEDIA,DJI_0297.JPG,520,0.8526204427083359,1.1368272569444478,p,ponderosa,0520.jpg,0520.jpg,set27b
set27b/100MEDIA,DJI_0305.JPG,521,0.071713949454906,0.09561859927320801,w,fir,0521.jpg,0521.jpg,set27b
set27b/100MEDIA,DJI_0305.JPG,522,0.5620478196233895,0.7493970928311859,i,cedar,0522.jpg,0522.jpg,set27b
set27b/100MEDIA,DJI_0305.JPG,523,0.7860443508424177,1.048059134456557,w,fir,0523.jpg,0523.jpg,set27b
set27b/100MEDIA,DJI_0305.JPG,524,0.1530785431119915,0.20410472414932201,w,fir,0524.jpg,0524.jpg,set27b
set27b/100MEDIA,DJI_0305.JPG,525,0.3936601833498505,0.5248802444664673,p,ponderosa,0525.jpg,0525.jpg,set27b
set27b/100MEDIA,DJI_0305.JPG,526,0.6886800049554003,0.9182400066072003,p,ponderosa,0526.jpg,0526.jpg,set27b
set27b/100MEDIA,DJI_0305.JPG,527,0.8018489841427145,1.0691319788569527,p,ponderosa,0527.jpg,0527.jpg,set27b
set27b/100MEDIA,DJI_0305.JPG,528,0.2303456392467779,0.30712751899570384,s,sugar,0528.jpg,0528.jpg,set27b
set27b/100MEDIA,DJI_0305.JPG,529,0.9355054509415254,1.2473406012553672,w,fir,0529.jpg,0529.jpg,set27b
set27b/100MEDIA,DJI_0305.JPG,530,0.4120013627353802,0.5493351503138403,p,ponderosa,0530.jpg,0530.jpg,set27b
set27b/100MEDIA,DJI_0309.JPG,531,0.5078755696614592,0.6771674262152789,p,ponderosa,0531.jpg,0531.jpg,set27b
set27b/100MEDIA,DJI_0309.JPG,532,0.84497273763021,1.1266303168402798,p,ponderosa,0532.jpg,0532.jpg,set27b
set27b/100MEDIA,DJI_0309.JPG,533,0.08804292301907811,0.11739056402543747,w,fir,0533.jpg,0533.jpg,set27b
set27b/100MEDIA,DJI_0309.JPG,534,0.1394560733375398,0.1859414311167197,w,fir,0534.jpg,0534.jpg,set27b
set27b/100MEDIA,DJI_0309.JPG,535,0.9180744720486026,1.2240992960648034,p,ponderosa,0535.jpg,0535.jpg,set27b
set27b/100MEDIA,DJI_0309.JPG,536,0.09840578166584173,0.131207708887789,w,fir,0536.jpg,0536.jpg,set27b
set27b/100MEDIA,DJI_0309.JPG,537,0.4112972556455578,0.5483963408607437,i,cedar,0537.jpg,0537.jpg,set27b
set27b/100MEDIA,DJI_0309.JPG,538,0.44659783219711546,0.5954637762628205,w,fir,0538.jpg,0538.jpg,set27b
set27b/100MEDIA,DJI_0309.JPG,539,0.7090790131467665,0.9454386841956886,p,ponderosa,0539.jpg,0539.jpg,set27b
set27b/100MEDIA,DJI_0309.JPG,540,0.9044356129264101,1.2059141505685467,p,ponderosa,0540.jpg,0540.jpg,set27b
set27b/100MEDIA,DJI_0317.JPG,541,0.16088330029732414,0.21451106706309886,w,fir,0541.jpg,0541.jpg,set27b
set27b/100MEDIA,DJI_0317.JPG,542,0.8404825322101088,1.120643376280145,p,ponderosa,0542.jpg,0542.jpg,set27b
set27b/100MEDIA,DJI_0317.JPG,543,0.41863540634291335,0.5581805417905512,p,ponderosa,0543.jpg,0543.jpg,set27b
set27b/100MEDIA,DJI_0317.JPG,544,0.6340467046580769,0.8453956062107691,p,ponderosa,0544.jpg,0544.jpg,set27b
set27b/100MEDIA,DJI_0317.JPG,545,0.8572627601585724,1.1430170135447633,p,ponderosa,0545.jpg,0545.jpg,set27b
set27b/100MEDIA,DJI_0317.JPG,546,0.13610319623389416,0.18147092831185888,w,fir,0546.jpg,0546.jpg,set27b
set27b/100MEDIA,DJI_0317.JPG,547,0.3060517839444989,0.40806904525933185,w,fir,0547.jpg,0547.jpg,set27b
set27b/100MEDIA,DJI_0317.JPG,548,0.5283898042616448,0.7045197390155264,p,ponderosa,0548.jpg,0548.jpg,set27b
set27b/100MEDIA,DJI_0317.JPG,549,0.6365832507433093,0.8487776676577458,w,fir,0549.jpg,0549.jpg,set27b
set27b/100MEDIA,DJI_0317.JPG,550,0.6933628592665999,0.9244838123554665,p,ponderosa,0550.jpg,0550.jpg,set27b
set27b/100MEDIA,DJI_0576.JPG,551,0.15346878097125882,0.20462504129501174,p,ponderosa,0551.jpg,0551.jpg,set27b
set27b/100MEDIA,DJI_0576.JPG,552,0.8433117566897913,1.1244156755863886,p,ponderosa,0552.jpg,0552.jpg,set27b
set27b/100MEDIA,DJI_0576.JPG,553,0.14820056987115868,0.19760075982821157,u,unknown,0553.jpg,0553.jpg,set27b
set27b/100MEDIA,DJI_0576.JPG,554,0.5805841179385525,0.7741121572514033,p,ponderosa,0554.jpg,0554.jpg,set27b
set27b/100MEDIA,DJI_0576.JPG,555,0.806336719524281,1.0751156260323746,w,fir,0555.jpg,0555.jpg,set27b
set27b/100MEDIA,DJI_0576.JPG,556,0.4313181367690775,0.5750908490254367,p,ponderosa,0556.jpg,0556.jpg,set27b
set27b/100MEDIA,DJI_0576.JPG,557,0.3883919722497516,0.5178559629996687,p,ponderosa,0557.jpg,0557.jpg,set27b
set27b/100MEDIA,DJI_0576.JPG,558,0.6071202923686814,0.8094937231582419,p,ponderosa,0558.jpg,0558.jpg,set27b
set27b/100MEDIA,DJI_0576.JPG,559,0.12205463330029633,0.16273951106706178,w,fir,0559.jpg,0559.jpg,set27b
set27b/100MEDIA,DJI_0576.JPG,560,0.9142374876114961,1.2189833168153281,p,ponderosa,0560.jpg,0560.jpg,set27b
set27b/100MEDIA,DJI_0898.JPG,561,0.09883548067393473,0.13178064089857963,i,cedar,0561.jpg,0561.jpg,set27b
set27b/100MEDIA,DJI_0898.JPG,562,0.6100470763131814,0.8133961017509086,p,ponderosa,0562.jpg,0562.jpg,set27b
set27b/100MEDIA,DJI_0898.JPG,563,0.825458374628345,1.1006111661711266,p,ponderosa,0563.jpg,0563.jpg,set27b
set27b/100MEDIA,DJI_0898.JPG,564,0.0875185827552033,0.11669144367360441,p,ponderosa,0564.jpg,0564.jpg,set27b
set27b/100MEDIA,DJI_0898.JPG,565,0.7977514866204164,1.0636686488272218,p,ponderosa,0565.jpg,0565.jpg,set27b
set27b/100MEDIA,DJI_0898.JPG,566,0.571706206640238,0.762274942186984,p,ponderosa,0566.jpg,0566.jpg,set27b
set27b/100MEDIA,DJI_0898.JPG,567,0.7830200074331025,1.04402667657747,p,ponderosa,0567.jpg,0567.jpg,set27b
set27b/100MEDIA,DJI_0898.JPG,568,0.4362936694747278,0.5817248926329704,p,ponderosa,0568.jpg,0568.jpg,set27b
set27b/100MEDIA,DJI_0898.JPG,569,0.3077102948463826,0.41028039312851017,p,ponderosa,0569.jpg,0569.jpg,set27b
set27b/100MEDIA,DJI_0898.JPG,570,0.2185409440039639,0.2913879253386185,w,fir,0570.jpg,0570.jpg,set27b
set27b/100MEDIA,DJI_0938.JPG,571,0.8623439453300975,1.1497919271067967,p,ponderosa,0571.jpg,0571.jpg,set27b
set27b/100MEDIA,DJI_0938.JPG,572,0.4693769708982797,0.6258359611977062,p,ponderosa,0572.jpg,0572.jpg,set27b
set27b/100MEDIA,DJI_0938.JPG,573,0.07372533737555205,0.0983004498340694,w,fir,0573.jpg,0573.jpg,set27b
set27b/100MEDIA,DJI_0938.JPG,574,0.5209447976028244,0.6945930634704325,w,fir,0574.jpg,0574.jpg,set27b
set27b/100MEDIA,DJI_0938.JPG,575,0.3481198686255509,0.46415982483406787,p,ponderosa,0575.jpg,0575.jpg,set27b
set27b/100MEDIA,DJI_0938.JPG,576,0.20527363283009645,0.2736981771067952,p,ponderosa,0576.jpg,0576.jpg,set27b
set27b/100MEDIA,DJI_0938.JPG,577,0.7823634765800973,1.0431513021067964,p,ponderosa,0577.jpg,0577.jpg,set27b
set27b/100MEDIA,DJI_0938.JPG,578,0.6957832208982793,0.9277109611977057,p,ponderosa,0578.jpg,0578.jpg,set27b
set27b/100MEDIA,DJI_0938.JPG,579,0.4833595703300975,0.6444794271067967,p,ponderosa,0579.jpg,0579.jpg,set27b
set27b/100MEDIA,DJI_0938.JPG,580,0.09061631748918797,0.12082175665225062,p,ponderosa,0580.jpg,0580.jpg,set27b
set27b/200MEDIA,DJI_0894.JPG,581,0.16238102791878162,0.21650803722504214,w,fir,0581.jpg,0581.jpg,set27b
set27b/200MEDIA,DJI_0894.JPG,582,0.5590458439086291,0.7453944585448389,p,ponderosa,0582.jpg,0582.jpg,set27b
set27b/200MEDIA,DJI_0894.JPG,583,0.8257931472081218,1.101057529610829,w,fir,0583.jpg,0583.jpg,set27b
set27b/200MEDIA,DJI_0894.JPG,584,0.7201935279187813,0.9602580372250418,p,ponderosa,0584.jpg,0584.jpg,set27b
set27b/200MEDIA,DJI_0894.JPG,585,0.8780932741116749,1.1707910321489,p,ponderosa,0585.jpg,0585.jpg,set27b
set27b/200MEDIA,DJI_0894.JPG,586,0.42821224619289255,0.5709496615905234,s,sugar,0586.jpg,0586.jpg,set27b
set27b/200MEDIA,DJI_0894.JPG,587,0.8381186548223348,1.117491539763113,p,ponderosa,0587.jpg,0587.jpg,set27b
set27b/200MEDIA,DJI_0894.JPG,588,0.24582804568527802,0.3277707275803707,p,ponderosa,0588.jpg,0588.jpg,set27b
set27b/200MEDIA,DJI_0894.JPG,589,0.14089467005075992,0.1878595600676799,p,ponderosa,0589.jpg,0589.jpg,set27b
set27b/200MEDIA,DJI_0894.JPG,590,0.5567972715736037,0.7423963620981383,w,fir,0590.jpg,0590.jpg,set27b
set27b/200MEDIA,DJI_0899.JPG,591,0.16687817258883253,0.22250423011844336,p,ponderosa,0591.jpg,0591.jpg,set27b
set27b/200MEDIA,DJI_0899.JPG,592,0.559462246192893,0.745949661590524,w,fir,0592.jpg,0592.jpg,set27b
set27b/200MEDIA,DJI_0899.JPG,593,0.8649349619289337,1.1532466159052448,w,fir,0593.jpg,0593.jpg,set27b
set27b/200MEDIA,DJI_0899.JPG,594,0.11807582487309552,0.15743443316412736,w,fir,0594.jpg,0594.jpg,set27b
set27b/200MEDIA,DJI_0899.JPG,595,0.804806472081218,1.0730752961082906,p,ponderosa,0595.jpg,0595.jpg,set27b
set27b/200MEDIA,DJI_0899.JPG,596,0.5676237309644662,0.7568316412859549,p,ponderosa,0596.jpg,0596.jpg,set27b
set27b/200MEDIA,DJI_0899.JPG,597,0.9040767766497456,1.205435702199661,w,fir,0597.jpg,0597.jpg,set27b
set27b/200MEDIA,DJI_0899.JPG,598,0.6667274746192882,0.8889699661590509,w,fir,0598.jpg,0598.jpg,set27b
set27b/200MEDIA,DJI_0899.JPG,599,0.5379758883248719,0.7173011844331625,p,ponderosa,0599.jpg,0599.jpg,set27b
set27b/200MEDIA,DJI_0899.JPG,600,0.20168940355329737,0.2689192047377298,w,fir,0600.jpg,0600.jpg,set27b
